CURSO DE CIENCIAS BIOLOGICAS / ASEI;12454326;Presencial;Ciências Biológicas;"Nenhum conteúdo disponível até o momento";RAIMUNDA RAMOS MARINHO;1096924
CURSO DE CIENCIAS BIOLOGICAS / ASEI;12454300;Presencial;Ciências Biológicas;"Nenhum conteúdo disponível até o momento";RAIMUNDA RAMOS MARINHO;1096924
CURSO DE CIENCIAS BIOLOGICAS / ASEI;12454327;Presencial;Ciências Biológicas;"Nenhum conteúdo disponível até o momento";RAIMUNDA RAMOS MARINHO;1096924
CURSO DE CIENCIAS BIOLOGICAS / ASEI;12454299;Presencial;Ciências Biológicas;"Nenhum conteúdo disponível até o momento";RAIMUNDA RAMOS MARINHO;1096924
CURSO DE CIENCIAS EXATAS / ASEI;12454314;Presencial;Ciências Exatas e da Terra;"Nenhum conteúdo disponível até o momento";RAIMUNDA RAMOS MARINHO;1096924
CURSO DE CIENCIAS EXATAS / ASEI;12454317;Presencial;Ciências Exatas e da Terra;"Nenhum conteúdo disponível até o momento";HILKIAS JORDAO DE SOUZA;406813
CURSO DE CIENCIAS EXATAS / ASEI;12454318;Presencial;Ciências Exatas e da Terra;"Nenhum conteúdo disponível até o momento";RAIMUNDA RAMOS MARINHO;1096924
CURSO DE CIENCIAS EXATAS / ASEI;12454316;Presencial;Ciências Exatas e da Terra;"Nenhum conteúdo disponível até o momento";RAIMUNDA RAMOS MARINHO;1096924
CURSO DE CIENCIAS EXATAS / ASEI;12454313;Presencial;Ciências Exatas e da Terra;"Nenhum conteúdo disponível até o momento";RAIMUNDA RAMOS MARINHO;1096924
CURSO DE CIENCIAS EXATAS / ASEI;12454319;Presencial;Ciências Exatas e da Terra;"Nenhum conteúdo disponível até o momento";HILKIAS JORDAO DE SOUZA;406813
CURSO DE CIENCIAS EXATAS / ASEI;12454312;Presencial;Ciências Exatas e da Terra;"Nenhum conteúdo disponível até o momento";RAIMUNDA RAMOS MARINHO;1096924
CURSO DE CIENCIAS EXATAS / ASEI;12454315;Presencial;Ciências Exatas e da Terra;"Nenhum conteúdo disponível até o momento";HILKIAS JORDAO DE SOUZA;406813
CURSO DE CIÊNCIAS SOCIAIS / ASEI;11353773;Presencial;Ciências Sociais Aplicadas;"Nenhum conteúdo disponível até o momento";RAIMUNDA RAMOS MARINHO;1096924
CURSO DE CIÊNCIAS SOCIAIS / ASEI;11353754;Presencial;Ciências Sociais Aplicadas;"Nenhum conteúdo disponível até o momento";RAIMUNDA RAMOS MARINHO;1096924
CURSO DE EDUCAÇÃO FÍSICA / ASEI;1652;Presencial;Ciências da Saúde;"Nenhum conteúdo disponível até o momento";RAIMUNDO NONATO ASSUNCAO VIANA;271722
CURSO DE EDUCAÇÃO FÍSICA / ASEI;13583080;Presencial;Ciências da Saúde;"Nenhum conteúdo disponível até o momento";RAIMUNDO NONATO ASSUNCAO VIANA;271722
CURSO DE EDUCAÇÃO FÍSICA / ASEI;1653;Presencial;Ciências da Saúde;"Nenhum conteúdo disponível até o momento";RAIMUNDO NONATO ASSUNCAO VIANA;271722
CURSO DE EDUCACAO FISICA / ASEI;12454250;Presencial;Ciências da Saúde;"Nenhum conteúdo disponível até o momento";RAIMUNDA RAMOS MARINHO;1096924
CURSO DE EDUCAÇÃO FÍSICA / ASEI;1654;Presencial;Ciências da Saúde;"Nenhum conteúdo disponível até o momento";RAIMUNDO NONATO ASSUNCAO VIANA;271722
CURSO DE EDUCACAO FISICA / ASEI;15589059;Presencial;Ciências da Saúde;"Nenhum conteúdo disponível até o momento";RAIMUNDO NONATO ASSUNCAO VIANA;271722
CURSO DE EDUCACAO FISICA / ASEI;15588520;Presencial;Ciências da Saúde;"Nenhum conteúdo disponível até o momento";RAIMUNDO NONATO ASSUNCAO VIANA;271722
CURSO DE EDUCACAO FISICA / ASEI;15589016;Presencial;Ciências da Saúde;"Nenhum conteúdo disponível até o momento";RAIMUNDO NONATO ASSUNCAO VIANA;271722
CURSO DE EDUCACAO FISICA / ASEI;12454329;Presencial;Ciências da Saúde;"Nenhum conteúdo disponível até o momento";RAIMUNDA RAMOS MARINHO;1096924
CURSO DE EDUCACAO FISICA / ASEI;12454249;Presencial;Ciências da Saúde;"Nenhum conteúdo disponível até o momento";RAIMUNDA RAMOS MARINHO;1096924
CURSO DE EDUCAÇÃO FÍSICA / ASEI;1655;Presencial;Ciências da Saúde;"Nenhum conteúdo disponível até o momento";RAIMUNDO NONATO ASSUNCAO VIANA;271722
CURSO DE EDUCAÇÃO FÍSICA / ASEI;1656;Presencial;Ciências da Saúde;"Nenhum conteúdo disponível até o momento";RAIMUNDO NONATO ASSUNCAO VIANA;271722
CURSO DE EDUCAÇÃO FÍSICA / ASEI;1657;Presencial;Ciências da Saúde;"Nenhum conteúdo disponível até o momento";RAIMUNDO NONATO ASSUNCAO VIANA;271722
CURSO DE EDUCAÇÃO FÍSICA / ASEI;1658;Presencial;Ciências da Saúde;"Nenhum conteúdo disponível até o momento";RAIMUNDO NONATO ASSUNCAO VIANA;271722
CURSO DE EDUCACAO FISICA / ASEI;15588982;Presencial;Ciências da Saúde;"Nenhum conteúdo disponível até o momento";RAIMUNDO NONATO ASSUNCAO VIANA;271722
CURSO DE FILOSOFIA / ASEI;12454244;Presencial;Ciências Humanas;"Nenhum conteúdo disponível até o momento";RAIMUNDA RAMOS MARINHO;1096924
CURSO DE FILOSOFIA / ASEI;15025963;Presencial;Ciências Humanas;"Nenhum conteúdo disponível até o momento";RAIMUNDA RAMOS MARINHO;1096924
CURSO DE FILOSOFIA / ASEI;15618592;Presencial;Ciências Humanas;"Nenhum conteúdo disponível até o momento";MARLY CUTRIM DE MENEZES;1281552
CURSO DE FILOSOFIA / ASEI;12454251;Presencial;Ciências Humanas;"Nenhum conteúdo disponível até o momento";RAIMUNDA RAMOS MARINHO;1096924
CURSO DE FILOSOFIA / ASEI;14553665;Presencial;Ciências Humanas;"Nenhum conteúdo disponível até o momento";MARLY CUTRIM DE MENEZES;1281552
CURSO DE FÍSICA / ASEI;1629;Presencial;Ciências Exatas e da Terra;"Nenhum conteúdo disponível até o momento";HUMBERTO FILOMENO DA SILVA FILHO;1165322
CURSO DE FÍSICA / ASEI;11353896;Presencial;Ciências Exatas e da Terra;"Nenhum conteúdo disponível até o momento";HUMBERTO FILOMENO DA SILVA FILHO;1165322
CURSO DE FÍSICA / ASEI;1630;Presencial;Ciências Exatas e da Terra;"Nenhum conteúdo disponível até o momento";HUMBERTO FILOMENO DA SILVA FILHO;1165322
CURSO DE FÍSICA / ASEI;1631;Presencial;Ciências Exatas e da Terra;"Nenhum conteúdo disponível até o momento";HUMBERTO FILOMENO DA SILVA FILHO;1165322
CURSO DE FÍSICA / ASEI;1659;Presencial;Ciências Exatas e da Terra;"Nenhum conteúdo disponível até o momento";HUMBERTO FILOMENO DA SILVA FILHO;1165322
CURSO DE FÍSICA / ASEI;11353892;Presencial;Ciências Exatas e da Terra;"Nenhum conteúdo disponível até o momento";HUMBERTO FILOMENO DA SILVA FILHO;1165322
CURSO DE FÍSICA / ASEI;15551428;Presencial;Ciências Exatas e da Terra;"Nenhum conteúdo disponível até o momento";Nenhum conteúdo disponível até o momento;
CURSO DE GEOGRAFIA / ASEI;15629975;Presencial;Ciências Humanas;"Nenhum conteúdo disponível até o momento";MARCIO JOSE CELERI;1090352
CURSO DE GEOGRAFIA / ASEI;15672322;Presencial;Ciências Humanas;"Nenhum conteúdo disponível até o momento";MARCIO JOSE CELERI;1090352
CURSO DE GEOGRAFIA / ASEI;15629935;Presencial;Ciências Humanas;"Nenhum conteúdo disponível até o momento";MARCIO JOSE CELERI;1090352
CURSO DE GEOGRAFIA / ASEI;12454322;Presencial;Ciências Humanas;"Nenhum conteúdo disponível até o momento";RAIMUNDA RAMOS MARINHO;1096924
CURSO DE GEOGRAFIA / ASEI;12454252;Presencial;Ciências Humanas;"Nenhum conteúdo disponível até o momento";RAIMUNDA RAMOS MARINHO;1096924
CURSO DE GEOGRAFIA / ASEI;12454321;Presencial;Ciências Humanas;"Nenhum conteúdo disponível até o momento";RAIMUNDA RAMOS MARINHO;1096924
CURSO DE GEOGRAFIA / ASEI;12454324;Presencial;Ciências Humanas;"Nenhum conteúdo disponível até o momento";RAIMUNDA RAMOS MARINHO;1096924
CURSO DE GEOGRAFIA / ASEI;15630096;Presencial;Ciências Humanas;"Nenhum conteúdo disponível até o momento";MARCIO JOSE CELERI;1090352
CURSO DE GEOGRAFIA / ASEI;12454320;Presencial;Ciências Humanas;"Nenhum conteúdo disponível até o momento";RAIMUNDA RAMOS MARINHO;1096924
CURSO DE HISTORIA / ASEI;15595542;Presencial;Ciências Humanas;"A carência nacional de professores para atender à educação básica, especialmente na rede pública, qualificados em todas as áreas do conhecimento, é uma realidade no estado do Maranhão. Dados do Censo da Educação revelam que apenas 15% dos professores que atuam na educação básica, nas escolas públicas do Estado do Maranhão, têm qualificação adequada. Em se tratando dos professores de História, o aumento do número de vagas ofertado à licenciatura em História na Universidade Federal do Maranhão  UFMA e na Universidade Estadual do Maranhão-UEMA, únicas universidades que oferecem curso de História com Licenciatura, não resolve o problema da carência de profissionais para atuarem na rede de ensino do Estado do Maranhão, desprovidos de uma formação adequada. Além disso, a dificuldade de conciliar o exercício do trabalho docente com um curso de graduação tem contribuído para a permanência de profissionais não habilitados no exercício da docência e consequentemente com a má qualidade do ensino e da aprendizagem de nossos jovens e adultos. Consciente de tal problema e na tentativa de contornar essa situação, o Ministério da Educação criou o Programa de Formação de Professores da Educação Básica (PARFOR), no âmbito da UFMA, denominado PROFEBPAR. O PROFEBPAR/UFMA, em parceria com a CAPES, visa oferecer emergencialmente aos municipios a formação inicial e continuada dos professores da educação básica da rede pública da educação, oferecendo cursos de graduação de primeira e segunda licenciaturas, para atender o que está sendo proposto no artigo 11, inciso III do decreto nº. 6.755, de 29 de janeiro de 2009, conforme explicitado abaixo. Art. 11. III - oferta emergencial de cursos de licenciaturas e de cursos ou programas especiais dirigidos aos docentes em exercício há pelo menos três anos na rede pública de educação básica, que sejam: Ver tópico (4 documentos) a) graduados não licenciados; b) licenciados em área diversa da atuação docente; e c) de nível médio, na modalidade Normal. Assim sendo, o Curso de Licenciatura em História do PROFEBPAR é uma proposta que visa cumprir com o compromisso social junto a sociedade maranhense, contribuindo para suprir as carências do ensino básico no estado do Maranhão. 2 FINALIDADE, OBJETIVOS E METAS 2.1 Finalidade Cumprir o que determina a Lei de Diretrizes e Bases nº. 9.394/96 de 20/12/1996 e, assim, contribuir para a melhoria da qualidade da Educação Básica da rede pública do estado do Maranhão. 2.2 Objetivos 2.2.1 Geral Formar professores capazes de exercer atividade de docência, com competencia técnica e intelectual, consciência profissional e política, criatividade e responsabilidade para atuar na Educação Básica da rede pública dos Municípios do estado do Maranhão. 2.2.2 Específicos Contribuir para o processo de formação do professor da educação básica instrumentalizando-o frente as questões do ensino e da aprendizagem, fortalecendo seu compromisso social com o seu município, a região e o estado do Maranhão. Atender de forma sistemática as demandas previstas no Plano de Ações Articuladas do Estado do Maranhão - PAC. Contribuir para o papel social desta IFES com o compromisso de assegurar o desenvolvimento pessoal e profissional do professor da escola da rede pública do estado do Maranhão. 2.3 Metas Formar licenciados em História, com graduação plena, para o exercício da docência na educação básica. O curso terá a duração de três anos e meio, devendo o aluno obter sua integralização em 42 meses.";TELMA BONIFACIO DOS SANTOS REINALDO;407506
CURSO DE HISTÓRIA / ASEI;15158367;Presencial;Ciências Humanas;"Nenhum conteúdo disponível até o momento";RAIMUNDA RAMOS MARINHO;1096924
CURSO DE HISTÓRIA / ASEI;15592991;Presencial;Ciências Humanas;"1 APRESENTAÇÃO O Curso de Licenciatura em História do PROFEBPAR é uma proposta que visa cumprir com o compromisso social junto a sociedade maranhense, contribuindo para suprir as carências do ensino básico no estado do Maranhão. 2 FINALIDADE, OBJETIVOS E METAS 2.1 Finalidade Cumprir o que determina a Lei de Diretrizes e Bases nº. 9.394/96 de 20/12/1996 e, assim, contribuir para a melhoria da qualidade da Educação Básica da rede pública do estado do Maranhão. 2.2 Objetivos 2.2.1 Geral  Formar professores capazes de exercer atividade de docência, com competência técnica e intelectual, consciência profissional e política, criatividade e responsabilidade para atuar na Educação Básica da rede pública dos Municípios do estado do Maranhão. 2.2.2 Específicos  Contribuir para o processo de formação do professor da educação básica instrumentalizando-o frente as questões do ensino e da aprendizagem, fortalecendo seu compromisso social com o seu município, a região e o Estado do Maranhão.  Atender de forma sistemática as demandas previstas no Plano de Ações Articuladas do Estado do Maranhão - PAC.  Contribuir para o papel social desta IFES com o compromisso de assegurar o desenvolvimento pessoal e profissional do professor da escola da rede pública do estado do Maranhão. 2.3 Metas  Formar licenciados em História, com graduação plena, para o exercício da docência na educação básica. O curso terá a duração de três anos e meio, devendo o aluno obter sua integralização em 42 meses. . 2.4 Público Alvo:  Professores em exercício nas redes públicas de ensino na educação básica sem licenciatura na disciplina de Filosofia e que estejam exercendo docência nesta disciplina ou em disciplinas afins. 2.5 Perfil profissiográfico  O profissional graduado pelo Curso de Licenciatura em História deverá ter o seguinte perfil:  Competência didático-pedagógica;  Competência técnica psicológica;  Criatividade;  Consciência crítico reflexiva;  Ética profissional.";TELMA BONIFACIO DOS SANTOS REINALDO;407506
CURSO DE HISTORIA / ASEI;12454304;Presencial;Ciências Humanas;"Nenhum conteúdo disponível até o momento";RAIMUNDA RAMOS MARINHO;1096924
CURSO DE HISTORIA / ASEI;12454309;Presencial;Ciências Humanas;"Nenhum conteúdo disponível até o momento";RAIMUNDA RAMOS MARINHO;1096924
CURSO DE HISTÓRIA / ASEI;1637;Presencial;Ciências Humanas;"Nenhum conteúdo disponível até o momento";JOSENILDO DE JESUS PEREIRA;271716
CURSO DE HISTORIA / ASEI;12454303;Presencial;Ciências Humanas;"Nenhum conteúdo disponível até o momento";RAIMUNDA RAMOS MARINHO;1096924
CURSO DE HISTORIA / ASEI;12454306;Presencial;Ciências Humanas;"Nenhum conteúdo disponível até o momento";RAIMUNDA RAMOS MARINHO;1096924
CURSO DE HISTORIA / ASEI;12454307;Presencial;Ciências Humanas;"Nenhum conteúdo disponível até o momento";RAIMUNDA RAMOS MARINHO;1096924
CURSO DE HISTORIA / ASEI;12454302;Presencial;Ciências Humanas;"Nenhum conteúdo disponível até o momento";RAIMUNDA RAMOS MARINHO;1096924
CURSO DE LETRAS / ASEI;12454291;Presencial;Ciências Humanas;"Nenhum conteúdo disponível até o momento";RAIMUNDA RAMOS MARINHO;1096924
CURSO DE LETRAS / ASEI;12454292;Presencial;Ciências Humanas;"Nenhum conteúdo disponível até o momento";RAIMUNDA RAMOS MARINHO;1096924
CURSO DE LETRAS / ASEI;12454294;Presencial;Ciências Humanas;"Nenhum conteúdo disponível até o momento";RAIMUNDA RAMOS MARINHO;1096924
CURSO DE LETRAS / ASEI;12454255;Presencial;Ciências Humanas;"Nenhum conteúdo disponível até o momento";RAIMUNDA RAMOS MARINHO;1096924
CURSO DE LETRAS / ASEI;12454262;Presencial;Ciências Humanas;"O curso de Letras-Português e Inglês do Programa Especial de Formação de Professores para a Educação Básica-PROEB/UFMA visa oferecer aos licenciados uma formação de caráter humanístico e conhecimento linguístico-cultural que atende às exigências do mundo do trabalho, de modo a possibilitar aos seus egressos uma atuação contínua na dinâmica do ensino de língua portuguesa, língua inglesa e suas literaturas, bem como na qualidade da produção científico-linguístico-literária no contexto educacional. Na formação do profissional em Letras, com dupla habilitação, são exigidas capacidades gerais e outras mais específicas. Essas capacidades se traduzem nos objetivos que nortearão o processo formativo.";HERIDAN DE JESUS GUTERRES PAVAO FERREIRA;1878228
CURSO DE LETRAS / ASEI;12454263;Presencial;Ciências Humanas;"Nenhum conteúdo disponível até o momento";HERIDAN DE JESUS GUTERRES PAVAO FERREIRA;1878228
CURSO DE LETRAS / ASEI;12454245;Presencial;Ciências Humanas;"Nenhum conteúdo disponível até o momento";RAIMUNDA RAMOS MARINHO;1096924
CURSO DE LETRAS / ASEI;15463683;Presencial;Lingüística, Letras e Artes;"Nenhum conteúdo disponível até o momento";RAIMUNDA RAMOS MARINHO;1096924
CURSO DE LETRAS / ASEI;12454332;Presencial;Ciências Humanas;"Nenhum conteúdo disponível até o momento";RAIMUNDA RAMOS MARINHO;1096924
CURSO DE LETRAS / ASEI;12454248;Presencial;Ciências Humanas;"Nenhum conteúdo disponível até o momento";HERIDAN DE JESUS GUTERRES PAVAO FERREIRA;1878228
CURSO DE LETRAS / ASEI;12454246;Presencial;Ciências Humanas;"Nenhum conteúdo disponível até o momento";RAIMUNDA RAMOS MARINHO;1096924
CURSO DE LETRAS / ASEI;12454254;Presencial;Ciências Humanas;"Nenhum conteúdo disponível até o momento";RAIMUNDA RAMOS MARINHO;1096924
CURSO DE LETRAS / ASEI;12454256;Presencial;Ciências Humanas;"Nenhum conteúdo disponível até o momento";RAIMUNDA RAMOS MARINHO;1096924
CURSO DE LETRAS / ASEI;12454261;Presencial;Ciências Humanas;"Nenhum conteúdo disponível até o momento";HERIDAN DE JESUS GUTERRES PAVAO FERREIRA;1878228
CURSO DE LETRAS / ASEI;12454257;Presencial;Ciências Humanas;"Nenhum conteúdo disponível até o momento";RAIMUNDA RAMOS MARINHO;1096924
CURSO DE LETRAS / ASEI;12454295;Presencial;Ciências Humanas;"Nenhum conteúdo disponível até o momento";RAIMUNDA RAMOS MARINHO;1096924
CURSO DE LETRAS / ESPANHOL / ASEI;15817320;Presencial;Lingüística, Letras e Artes;"Nenhum conteúdo disponível até o momento";Nenhum conteúdo disponível até o momento;
CURSO DE LETRAS / ESPANHOL / ASEI;1627;Presencial;Lingüística, Letras e Artes;"Nenhum conteúdo disponível até o momento";MARTA MARIA PORTUGAL RIBEIRO PARADA;2201415
CURSO DE LETRAS / ESPANHOL / ASEI;1628;Presencial;Lingüística, Letras e Artes;"Nenhum conteúdo disponível até o momento";MARTA MARIA PORTUGAL RIBEIRO PARADA;2201415
CURSO DE LETRAS / ESPANHOL / ASEI;1626;Presencial;Lingüística, Letras e Artes;"Nenhum conteúdo disponível até o momento";MARTA MARIA PORTUGAL RIBEIRO PARADA;2201415
CURSO DE LETRAS / ESPANHOL / ASEI;15528402;Presencial;Lingüística, Letras e Artes;"Nenhum conteúdo disponível até o momento";MARTA MARIA PORTUGAL RIBEIRO PARADA;2201415
CURSO DE LETRAS / ESPANHOL / ASEI;15805906;Presencial;Lingüística, Letras e Artes;"Nenhum conteúdo disponível até o momento";MARTA MARIA PORTUGAL RIBEIRO PARADA;2201415
CURSO DE LETRAS - INGLÊS / ASEI;15158132;Presencial;Ciências Humanas;"Nenhum conteúdo disponível até o momento";RAIMUNDA RAMOS MARINHO;1096924
CURSO DE LETRAS - INGLÊS / ASEI;15675457;Presencial;Ciências Humanas;"Nenhum conteúdo disponível até o momento";RAIMUNDA RAMOS MARINHO;1096924
CURSO DE LETRAS / INGLÊS / ASEI;15592238;Presencial;Lingüística, Letras e Artes;"Nenhum conteúdo disponível até o momento";MONICA FONTENELLE CARNEIRO;406561
CURSO DE LETRAS / INGLÊS / ASEI;15592174;Presencial;Lingüística, Letras e Artes;"Nenhum conteúdo disponível até o momento";MONICA FONTENELLE CARNEIRO;406561
CURSO DE LETRAS / INGLÊS / ASEI;15592004;Presencial;Lingüística, Letras e Artes;"Nenhum conteúdo disponível até o momento";MONICA FONTENELLE CARNEIRO;406561
CURSO DE LETRAS / INGLÊS / ASEI;15592208;Presencial;Lingüística, Letras e Artes;"Nenhum conteúdo disponível até o momento";MONICA FONTENELLE CARNEIRO;406561
CURSO DE LETRAS / INGLÊS / ASEI;1638;Presencial;Lingüística, Letras e Artes;"Nenhum conteúdo disponível até o momento";MONICA FONTENELLE CARNEIRO;406561
CURSO DE LETRAS - PORTUGUÊS / ASEI;12454259;Presencial;Ciências Humanas;"Nenhum conteúdo disponível até o momento";HERIDAN DE JESUS GUTERRES PAVAO FERREIRA;1878228
CURSO DE LETRAS / PORTUGUÊS / ASEI;12454258;Presencial;Ciências Humanas;"Nenhum conteúdo disponível até o momento";HERIDAN DE JESUS GUTERRES PAVAO FERREIRA;1878228
CURSO DE MATEMATICA / ASEI;12454282;Presencial;Ciências Exatas e da Terra;"Nenhum conteúdo disponível até o momento";RAIMUNDA RAMOS MARINHO;1096924
CURSO DE MATEMATICA / ASEI;12454286;Presencial;Ciências Exatas e da Terra;"Nenhum conteúdo disponível até o momento";RAIMUNDA RAMOS MARINHO;1096924
CURSO DE MATEMATICA / ASEI;12454284;Presencial;Ciências Exatas e da Terra;"Nenhum conteúdo disponível até o momento";RAIMUNDA RAMOS MARINHO;1096924
CURSO DE MATEMATICA / ASEI;12454298;Presencial;Ciências Exatas e da Terra;"Nenhum conteúdo disponível até o momento";RAIMUNDA RAMOS MARINHO;1096924
CURSO DE MATEMÁTICA / ASEI;1645;Presencial;Ciências Exatas e da Terra;"Nenhum conteúdo disponível até o momento";VALESKA MARTINS DE SOUZA;1055168
CURSO DE MATEMÁTICA / ASEI;15547380;Presencial;Ciências Exatas e da Terra;"Nenhum conteúdo disponível até o momento";VALESKA MARTINS DE SOUZA;1055168
CURSO DE MATEMÁTICA / ASEI;1646;Presencial;Ciências Exatas e da Terra;"Nenhum conteúdo disponível até o momento";VALESKA MARTINS DE SOUZA;1055168
CURSO DE MATEMÁTICA / ASEI;15529753;Presencial;Ciências Exatas e da Terra;"Nenhum conteúdo disponível até o momento";VALESKA MARTINS DE SOUZA;1055168
CURSO DE MATEMÁTICA / ASEI;15546447;Presencial;Ciências Exatas e da Terra;"Nenhum conteúdo disponível até o momento";VALESKA MARTINS DE SOUZA;1055168
CURSO DE MATEMATICA / ASEI;12454331;Presencial;Ciências Exatas e da Terra;"Nenhum conteúdo disponível até o momento";RAIMUNDA RAMOS MARINHO;1096924
CURSO DE MATEMATICA / ASEI;12454297;Presencial;Ciências Exatas e da Terra;"Nenhum conteúdo disponível até o momento";RAIMUNDA RAMOS MARINHO;1096924
CURSO DE MATEMÁTICA / ASEI;1647;Presencial;Ciências Exatas e da Terra;"Nenhum conteúdo disponível até o momento";VALESKA MARTINS DE SOUZA;1055168
CURSO DE MATEMATICA / ASEI;12454283;Presencial;Ciências Exatas e da Terra;"Nenhum conteúdo disponível até o momento";RAIMUNDA RAMOS MARINHO;1096924
CURSO DE MATEMÁTICA / ASEI;15547493;Presencial;Ciências Exatas e da Terra;"Nenhum conteúdo disponível até o momento";VALESKA MARTINS DE SOUZA;1055168
CURSO DE MATEMATICA / ASEI;12454287;Presencial;Ciências Exatas e da Terra;"Nenhum conteúdo disponível até o momento";RAIMUNDA RAMOS MARINHO;1096924
CURSO DE MATEMATICA / ASEI;12454285;Presencial;Ciências Exatas e da Terra;"Nenhum conteúdo disponível até o momento";RAIMUNDA RAMOS MARINHO;1096924
CURSO DE PEDAGOGIA / ASEI;12454266;Presencial;Ciências Sociais Aplicadas;"Nenhum conteúdo disponível até o momento";RAIMUNDA RAMOS MARINHO;1096924
CURSO DE PEDAGOGIA / ASEI;12454267;Presencial;Ciências Sociais Aplicadas;"Nenhum conteúdo disponível até o momento";RAIMUNDA RAMOS MARINHO;1096924
CURSO DE PEDAGOGIA / ASEI;15819249;Presencial;Ciências Sociais Aplicadas;"Nenhum conteúdo disponível até o momento";Nenhum conteúdo disponível até o momento;
CURSO DE PEDAGOGIA / ASEI;12454270;Presencial;Ciências Sociais Aplicadas;"Nenhum conteúdo disponível até o momento";RAIMUNDA RAMOS MARINHO;1096924
CURSO DE PEDAGOGIA / ASEI;1622;Presencial;Ciências Sociais Aplicadas;"Nenhum conteúdo disponível até o momento";KESSIA MILENY DE PAULO MOURA;1913621
CURSO DE PEDAGOGIA / ASEI;9138115;Presencial;Ciências Sociais Aplicadas;"Nenhum conteúdo disponível até o momento";MARIA JOSE ALBUQUERQUE SANTOS;2412979
CURSO DE PEDAGOGIA / ASEI;13583085;Presencial;Ciências Sociais Aplicadas;"Nenhum conteúdo disponível até o momento";KESSIA MILENY DE PAULO MOURA;1913621
CURSO DE PEDAGOGIA / ASEI;12454268;Presencial;Ciências Sociais Aplicadas;"Nenhum conteúdo disponível até o momento";RAIMUNDA RAMOS MARINHO;1096924
CURSO DE PEDAGOGIA / ASEI;1560;Presencial;Ciências Sociais Aplicadas;"Nenhum conteúdo disponível até o momento";MARIA JOSE ALBUQUERQUE SANTOS;2412979
CURSO DE PEDAGOGIA / ASEI;1558;Presencial;Ciências Sociais Aplicadas;"Nenhum conteúdo disponível até o momento";MARIA JOSE ALBUQUERQUE SANTOS;2412979
CURSO DE PEDAGOGIA / ASEI;15548246;Presencial;Ciências Sociais Aplicadas;"Nenhum conteúdo disponível até o momento";MARIA JOSE ALBUQUERQUE SANTOS;2412979
CURSO DE PEDAGOGIA / ASEI;15610741;Presencial;Lingüística, Letras e Artes;"Nenhum conteúdo disponível até o momento";KESSIA MILENY DE PAULO MOURA;1913621
CURSO DE PEDAGOGIA / ASEI;1550;Presencial;Ciências Sociais Aplicadas;"Nenhum conteúdo disponível até o momento";KESSIA MILENY DE PAULO MOURA;1913621
CURSO DE PEDAGOGIA / ASEI;1551;Presencial;Ciências Sociais Aplicadas;"Nenhum conteúdo disponível até o momento";MARIA JOSE ALBUQUERQUE SANTOS;2412979
CURSO DE PEDAGOGIA / ASEI;1623;Presencial;Ciências Sociais Aplicadas;"Nenhum conteúdo disponível até o momento";KESSIA MILENY DE PAULO MOURA;1913621
CURSO DE PEDAGOGIA / ASEI;1624;Presencial;Ciências Sociais Aplicadas;"Nenhum conteúdo disponível até o momento";KESSIA MILENY DE PAULO MOURA;1913621
CURSO DE PEDAGOGIA / ASEI;1554;Presencial;Ciências Sociais Aplicadas;"Nenhum conteúdo disponível até o momento";MARIA JOSE ALBUQUERQUE SANTOS;2412979
CURSO DE PEDAGOGIA / ASEI;11353886;Presencial;Ciências Sociais Aplicadas;"Nenhum conteúdo disponível até o momento";MARIA JOSE ALBUQUERQUE SANTOS;2412979
CURSO DE PEDAGOGIA / ASEI;12454288;Presencial;Ciências Sociais Aplicadas;"Nenhum conteúdo disponível até o momento";RAIMUNDA RAMOS MARINHO;1096924
CURSO DE PEDAGOGIA / ASEI;1552;Presencial;Ciências Sociais Aplicadas;"Nenhum conteúdo disponível até o momento";MARIA JOSE ALBUQUERQUE SANTOS;2412979
CURSO DE PEDAGOGIA / ASEI;1559;Presencial;Ciências Sociais Aplicadas;"Nenhum conteúdo disponível até o momento";MARIA JOSE ALBUQUERQUE SANTOS;2412979
CURSO DE PEDAGOGIA / ASEI;12454276;Presencial;Ciências Sociais Aplicadas;"Nenhum conteúdo disponível até o momento";RAIMUNDA RAMOS MARINHO;1096924
CURSO DE PEDAGOGIA / ASEI;15548898;Presencial;Ciências Sociais Aplicadas;"Nenhum conteúdo disponível até o momento";MARIA JOSE ALBUQUERQUE SANTOS;2412979
CURSO DE PEDAGOGIA / ASEI;1625;Presencial;Ciências Sociais Aplicadas;"Nenhum conteúdo disponível até o momento";MARIA JOSE ALBUQUERQUE SANTOS;2412979
CURSO DE PEDAGOGIA / ASEI;12454280;Presencial;Ciências Sociais Aplicadas;"Nenhum conteúdo disponível até o momento";RAIMUNDA RAMOS MARINHO;1096924
CURSO DE PEDAGOGIA / ASEI;1561;Presencial;Ciências Sociais Aplicadas;"Nenhum conteúdo disponível até o momento";MARIA JOSE ALBUQUERQUE SANTOS;2412979
CURSO DE PEDAGOGIA / ASEI;12454269;Presencial;Ciências Sociais Aplicadas;"Nenhum conteúdo disponível até o momento";RAIMUNDA RAMOS MARINHO;1096924
CURSO DE PEDAGOGIA / ASEI;1557;Presencial;Ciências Sociais Aplicadas;"Nenhum conteúdo disponível até o momento";MARIA JOSE ALBUQUERQUE SANTOS;2412979
CURSO DE PEDAGOGIA / ASEI;1553;Presencial;Ciências Sociais Aplicadas;"Nenhum conteúdo disponível até o momento";MARIA JOSE ALBUQUERQUE SANTOS;2412979
CURSO DE PEDAGOGIA / ASEI;12454277;Presencial;Ciências Sociais Aplicadas;"Nenhum conteúdo disponível até o momento";RAIMUNDA RAMOS MARINHO;1096924
CURSO DE PEDAGOGIA / ASEI;12454279;Presencial;Ciências Sociais Aplicadas;"Nenhum conteúdo disponível até o momento";RAIMUNDA RAMOS MARINHO;1096924
CURSO DE PEDAGOGIA / ASEI;12454271;Presencial;Ciências Sociais Aplicadas;"Nenhum conteúdo disponível até o momento";RAIMUNDA RAMOS MARINHO;1096924
CURSO DE PEDAGOGIA / ASEI;1555;Presencial;Ciências Sociais Aplicadas;"Nenhum conteúdo disponível até o momento";MARIA JOSE ALBUQUERQUE SANTOS;2412979
CURSO DE PEDAGOGIA / ASEI;12454278;Presencial;Ciências Sociais Aplicadas;"Nenhum conteúdo disponível até o momento";RAIMUNDA RAMOS MARINHO;1096924
CURSO DE PEDAGOGIA - PARFOR / ASEI;13583091;Presencial;Ciências Sociais Aplicadas;"Nenhum conteúdo disponível até o momento";KESSIA MILENY DE PAULO MOURA;1913621
CURSO DE CIÊNCIA E TECNOLOGIA / CAMPUS BALSAS;11534159;Presencial;Multidisciplinar;"Nenhum conteúdo disponível até o momento";GISELIA BRITO DOS SANTOS;2076594
CURSO DE CIÊNCIAS HUMANAS / CAMPUS III;15047093;Presencial;Ciências Humanas;"Nenhum conteúdo disponível até o momento";CLEVER LUIZ FERNANDES;1806250
CURSO DE CIÊNCIAS HUMANAS - SOCIOLOGIA / CAMPUS III;85790;Presencial;Ciências Humanas;"Nenhum conteúdo disponível até o momento";CLEVER LUIZ FERNANDES;1806250
CURSO DE CIÊNCIAS NATURAIS / CAMPUS III;15047094;Presencial;Ciências Humanas;"Nenhum conteúdo disponível até o momento";ANTONIO JEFERSON DE DEUS MORENO;6406742
CURSO DE CIÊNCIAS NATURAIS - BIOLOGIA / CAMPUS III;16037794;Presencial;Ciências Humanas;"Nenhum conteúdo disponível até o momento";ANTONIO JEFERSON DE DEUS MORENO;6406742
CURSO DE CIÊNCIAS NATURAIS - FÍSICA / CAMPUS III;85801;Presencial;Ciências Humanas;"Nenhum conteúdo disponível até o momento";ANTONIO JEFERSON DE DEUS MORENO;6406742
CURSO DE EDUCAÇÃO DO CAMPO / CAMPUS III;12454272;Presencial;Ciências Agrárias;"Nenhum conteúdo disponível até o momento";DIANA COSTA DINIZ;
CURSO DE LETRAS - PORTUGUÊS / CAMPUS III;14438460;Presencial;Lingüística, Letras e Artes;"Nenhum conteúdo disponível até o momento";PAULO DA SILVA LIMA;1675799
CURSO DE CIÊNCIAS HUMANAS - FILOSOFIA / CAMPUS V;11547416;Presencial;Ciências Humanas;"Nenhum conteúdo disponível até o momento";DANIELTON CAMPOS MELONIO;3336918
CURSO DE CIÊNCIAS HUMANAS - HISTÓRIA / CAMPUS V;85807;Presencial;Ciências Humanas;"Curso: Ciências Humanas/História/Filosofia. Modalidade: Licenciatura. Grau conferido: Licenciado em Ciências Humanas. Vagas: 60. Turno: noturno. Carga horária: 2.880. Tempo de integralização: 3 anos.";DANIELTON CAMPOS MELONIO;3336918
CURSO DE CIÊNCIAS NATURAIS / CAMPUS V;15030327;Presencial;Ciências Humanas;"Nenhum conteúdo disponível até o momento";HILTON COSTA LOUZEIRO;2886661
CURSO DE CIÊNCIAS NATURAIS - BIOLOGIA / CAMPUS V;85824;Presencial;Ciências Humanas;"O Curso de Licenciatura Interdisciplinar em Ciências Naturais/Biologia da UFMA é uma proposta de formação interdisciplinar de professores da área de Ciências Naturais (Química, Física e Biologia)para atuarem nos anos finais do Ensino Fundamental e de Biologia para atuarem no Ensino Médio. Este Projeto Político-Pedagógico é o fruto de um conjunto de discussões e reflexões que têm sido produzidas por professores, estudantes e corpo técnico-administrativo da UFMA desde o primeiro semestre de 2012, às quais possibilitaram reformular e apresentar uma nova proposta de formação de professores no âmbito das licenciaturas interdisciplinares. Originalmente, o curso de Licenciatura em Ciências Naturais/Biologia, no campus de Pinheiro, foi criado pela Resolução Nº 137-CONSUN de 24 de maio de 2010 e Resolução Nº 179-CONSUN de 24 de abril de 2013. O Campus foi instituído pela Resolução Nº 08/1981-CONSUN, na primeira fase de interiorização da Universidade Federal do Maranhão que também criou os campos de Imperatriz, Bacabal, Chapadinha, Balsas e Codó. O acordo de adesão da Universidade ao REUNI, na gestão do Reitor, Prof. Dr. Natalino Salgado Filho, implicou na criação do curso e do campus, cuja ideia básica era expandir o raio de atuação e inserção da Universidade no âmbito do Estado do Maranhão, constituindo projetos inovadores de formação de professores com o objetivo de contribuir para a elevação da qualidade do ensino da educação básica. O desafio posto à Universidade/Campus Pinheiro e ao Curso de Licenciatura Interdisciplinar em Ciências Naturais/Biologia em particular é, não só oferecer uma formação que possibilite aos egressos efetivamente contribuir para a aprendizagem dos alunos da educação básica, mas, ao mesmo tempo, na implementação do projeto político-pedagógico, contribuir com a melhoria da qualidade do ensino oferecido pela rede pública.";ELISANGELA SOUSA DE ARAUJO;1820607
CURSO DE EDUCAÇÃO FÍSICA / CAMPUS V;14437853;Presencial;Ciências da Saúde;"Nenhum conteúdo disponível até o momento";HERIKSON ARAUJO COSTA;2198290
CURSO DE ENFERMAGEM / CAMPUS V;13947399;Presencial;Ciências da Saúde;"Nenhum conteúdo disponível até o momento";LUIS FERNANDO BOGÉA PEREIRA;2163712
CURSO DE ENGENHARIA DA PESCA / CAMPUS V;15458361;Presencial;Engenharias;"Nenhum conteúdo disponível até o momento";ANDRE AUGUSTO GUIMARÃES DA SILVA;2263278
CURSO DE MEDICINA / CAMPUS V;12125250;Presencial;Ciências da Saúde;"Nenhum conteúdo disponível até o momento";MICHELLINE JOANA TENORIO ALBUQUERQUE MADRUGA MESQUITA;3330747
CURSO DE CIÊNCIAS HUMANAS - GEOGRAFIA / CAMPUS VI;85821;Presencial;Ciências Humanas;"Nenhum conteúdo disponível até o momento";LUCIANO ROCHA DA PENHA;
CURSO DE CIÊNCIAS NATURAIS - QUÍMICA / CAMPUS VI;85773;Presencial;Ciências Humanas;"O curso de Ciências Naturais/Química da Universidade Federal do Maranhão - UFMA, Campus de Grajaú, foi criado ha 5 anos e conta atualmente com um quadro efetivo de 10 professores nas áreas de Química, Biologia, Física e Educação. O curso possui um grupo de pesquisa em ciências naturais - CIENAT no qual desenvolve projetos interdisciplinares para o beneficiamento da cidade de Grajaú-MA.";IONARA NAYANA GOMES PASSOS;1698711
CURSO DE CIÊNCIAS HUMANAS - HISTÓRIA / CAMPUS VII;85815;Presencial;Ciências Humanas;"O Curso de Licenciatura Interdisciplinar em Ciências Humanas/História da UFMA é uma proposta de formação interdisciplinar de professores da área de Ciências Humanas (História, Geografia, Filosofia e Sociologia)para atuarem nos anos finais do Ensino Fundamental e de História para atuarem no Ensino Médio. Originalmente, o curso de Licenciatura em Ciências Humanas/História, no campus de Codó, foi criado pela Resolução Nº 127-CONSUN de 24 de maio de 2010 e Resolução Nº 170-CONSUN de 24 de abril de 2013.";MARIA DO SOCORRO GONCALVES DA COSTA;2781031
CURSO DE CIÊNCIAS NATURAIS / CAMPUS VII;15030384;Presencial;Ciências Humanas;"Nenhum conteúdo disponível até o momento";ROSIVALDO XAVIER DA SILVA;2015863
CURSO DE CIÊNCIAS NATURAIS - BIOLOGIA / CAMPUS VII;85809;Presencial;Ciências Humanas;"";ROSIVALDO XAVIER DA SILVA;2015863
CURSO DE PEDAGOGIA / CAMPUS VII;15505671;Presencial;Ciências Sociais Aplicadas;"A licenciatura em Pedagogia torna aptos os licenciados para o exercício da docência na Educação Infantil e nos anos iniciais do Ensino Fundamental, nos cursos de Ensino Médio, na modalidade Normal, e, em cursos de Educação Profissional na área de serviços e apoio escolar, bem como em outras áreas nas quais sejam previstos conhecimentos pedagógicos; além das áreas referentes às respectivas formações complementares (Resolução CNE/CP, 2006, p. 1). Na década de 80, foi ofertado na cidade de Codó o curso de Pedagogia em caráter emergencial e por tempo determinado. O curso formou cinco turmas e visava sanar a falta de professores dos anos iniciais do Ensino Fundamental e interiorizar a formação universitária oferecida pela Universidade Federal do Maranhão. Nesta época, o curso de Pedagogia foi ofertado em mais cinco cidades do interior do estado do Maranhão: Imperatriz, Bacabal, Pinheiro, Balsas e Zé Doca. Todos os cursos de Pedagogia eram vinculados ao curso de Pedagogia de São Luís. O projeto de criação do curso de Pedagogia no Campus de Codó/UFMA levou em conta três principais fatores: a experiência de realização desse curso na cidade de Codó, na década de 1980; os impactos positivos do mesmo na comunidade, constatado pela atuação de seus ex-alunos; e os baixos índices obtidos pelos alunos do Ensino Fundamental nas últimas avaliações municipais, estaduais e nacionais, que podem ser melhorados com a atuação de profissionais formados em nível de graduação para esse segmento. Além desses fatores, a implantação desse curso, agora com nova proposta curricular, amplia a oferta de cursos de graduação no escopo da formação de professores implementada na UFMA no contexto do REUNI. Participaram dos estudos e discussões iniciais dessa proposta os professores do Campus de Codó, sob a coordenação da professora Dra. Aparecida Paiva, que atuou como Professora Visitante Sênior PVS/CAPES/UFMA na referida Unidade Acadêmica nos anos de 2012 e 2013. Foram realizados estudos acerca do funcionamento desse curso em várias universidades, além de sondagens junto à Secretaria Municipal de Educação de Codó e cidades vizinhas da demanda de discentes. É sabido que toda proposta de criação de curso, especialmente de Pedagogia, em decorrência de sua longa história marcada por diferentes perspectivas de atuação, implica negociações, discussões, articulações e tensões em torno de diferentes concepções de educação, de formação e do perfil do profissional que o curso objetiva formar. Por isso, há sempre um longo caminho a percorrer entre uma determinada concepção de currículo e sua implementação. É sabido, também, que a implantação de um curso envolve um processo pedagógico, administrativo, técnico e burocrático, que a matriz curricular nem sempre consegue expressar. A organização das disciplinas tão pouco consegue traduzir as discussões e teorizações produzidas pelo coletivo dos profissionais responsáveis pela proposta, ao longo de toda a trajetória de sua elaboração. Tendo em vista essas considerações, a proposta que apresentamos parece-nos próxima dos anseios e necessidades apresentadas pela comunidade codoense e seu entorno e, do ponto de vista pedagógico, consistente e coerente com as discussões atuais acerca da formação de Pedagogos. Esclarecemos, desde já, que não há um entendimento do grupo que endossa a proposta quanto ao fato desta ser a proposta definitiva do Curso, pois a implantação de um currículo implica a construção de um processo contínuo de avaliação realizado por docentes e discentes da instituição, que poderá resultar em ajustes futuros.";CRISTIANE DIAS MARTINS DA COSTA;1818204
CURSO DE CIÊNCIAS HUMANAS / CSB;15030457;Presencial;Ciências Humanas;"Nenhum conteúdo disponível até o momento";CLODOMIR CORDEIRO DE MATOS JUNIOR;
CURSO DE CIÊNCIAS HUMANAS - SOCIOLOGIA / CSB;85775;Presencial;Ciências Humanas;"Nenhum conteúdo disponível até o momento";CLODOMIR CORDEIRO DE MATOS JUNIOR;
CURSO DE CIÊNCIAS NATURAIS / CSB;15030493;Presencial;Ciências Humanas;"Nenhum conteúdo disponível até o momento";LEONARDO DOMINICI CRUZ;1798240
CURSO DE LINGUAGENS E CÓDIGOS / CSB;15030505;Presencial;Ciências Humanas;"Nenhum conteúdo disponível até o momento";MARIA FRANCISCA DA SILVA;2025870
CURSO DE LINGUAGENS E CÓDIGOS - LÍNGUA PORTUGUESA / CSB;85765;Presencial;Ciências Humanas;"Nenhum conteúdo disponível até o momento";MARIA FRANCISCA DA SILVA;2025870
CURSO DE LINGUAGENS E CÓDIGOS - MÚSICA / CSB;11548672;Presencial;Lingüística, Letras e Artes;"Nenhum conteúdo disponível até o momento";MARIA FRANCISCA DA SILVA;2025870
CURSO DE TURISMO / CSB;15457863;Presencial;Ciências Sociais Aplicadas;"Nenhum conteúdo disponível até o momento";KAROLINY DINIZ CARVALHO;1890279
CURSO DE AGRONOMIA / DCCAA;85833;Presencial;Nenhum conteúdo disponível até o momento;"Nenhum conteúdo disponível até o momento";GREGORI DA ENCARNACAO FERRAO;2054987
CURSO DE CIÊNCIAS BIOLÓGICAS / DCCAA;85777;Presencial;Ciências Biológicas;"Nenhum conteúdo disponível até o momento";EDISON FERNANDES DA SILVA;2560581
CURSO DE ENGENHARIA AGRÍCOLA / DCCAA;13947226;Presencial;Engenharias;"Nenhum conteúdo disponível até o momento";JARDEL OLIVEIRA SANTOS;2108468
CURSO DE ZOOTECNIA / DCCAA;85779;Presencial;Nenhum conteúdo disponível até o momento;"Nenhum conteúdo disponível até o momento";ANA PAULA RIBEIRO DE JESUS;1615266
CURSO DE CIENCIAS BIOLOGICAS / DCCBS/CCBS;85800;Presencial;Ciências Biológicas;"HISTÓRICO DO CURSO Em 1981, o Prof. Dr. Warwick Estevan Kerr, professor titular e aposentado da Universidade de São Paulo (USP) e Ex-Diretor Geral do Instituto de Pesquisas da Amazônia (INPA) foi convidado pela Universidade Federal do Maranhão, como professor colaborador, para estruturar o Curso de Ciências Biológicas. Nesta época, além dos docentes advindos do Laboratório de Hidrobiologia (LABOHIDRO), muitos professores visitantes, convidados ou bolsistas do CNPq, vindos de vários estados brasileiros e de outros países, supriram as necessidades iniciais do Curso, formando um quadro temporário de docentes do Departamento de Biologia. Após este período inicial, foram abertas vagas para concursos e muitos professores que estavam atuando na época foram contratados, formando o quadro docente permanente para o referido Departamento. Além disso, com a proximidade da formatura da primeira turma, foi criado um programa denominado PROCIB, em convênio com a CAPES, que oferecia bolsas de estudo para ex-alunos selecionados das 5 primeiras turmas do curso a fim de que os mesmos fizessem pós-graduação, com o compromisso da Universidade de abrir concurso público para absorvê-los posteriormente. O Departamento de Biologia, criado em 1980, para dar suporte ao Curso de Ciências Biológicas, foi desmembrado em 1998 em dois Departamentos: Biologia -DEBIO e Oceanografia e Limnologia -DEOLI. Desde a sua criação, o curso de Ciências Biológicas foi idealizado e criado sob a forma conjugada Bacharelado e Licenciatura, o que foi mantido durante 30 anos, com resultados excelentes no que diz respeito à formação dos seus egressos. Em 2012, por recomendação do Ministério da Educação e, a fim de atender as especificidades de cada curso, houve a criação do Curso de Bacharelado em Ciências Biológicas e no ano de 2013 houve a criação do Curso de Licenciatura em Ciências Biológicas.";MARIANA GUELERO DO VALLE;1856471
CURSO DE EDUCACAO FISICA / DCCBS/CCBS;85778;Presencial;Nenhum conteúdo disponível até o momento;"Nenhum conteúdo disponível até o momento";CARINA HELENA WASEM FRAGA;2207618
CURSO DE EDUCAÇÃO FÍSICA - / DCCBS/CCBS;14604236;Presencial;Ciências da Saúde;"O Curso de Educação Física Bacharelado iniciou suas atividades a partir do primeiro semestre letivo regular de 2015. Funciona em período integral, oferecendo aulas nos turnos da manhã e tarde. Lotada no Núcleo de Esportes, atualmente a Coordenação deste Curso compartilha do mesmo espaço (sala) destinado à Coordenação da Licenciatura. A implementação de seus períodos curriculares ocorre de maneira gradativa (1º ao 8º período), permitindo assim que no 2º semestre letivo de 2018 estejam em atividades todas as disciplinas obrigatórias propostas no seu Projeto Político pedagógico, bem como, que ao final de 2018 sejam conhecidos os primeiros Bacharéis em Educação Física formados pela Universidade Federal do Maranhão.";MARIO ALVES DE SIQUEIRA FILHO;2042280
CURSO DE ENFERMAGEM / DCCBS/CCBS;85789;Presencial;Ciências da Saúde;"Nenhum conteúdo disponível até o momento";LENA MARIA BARROS FONSECA;1032169
CURSO DE FARMÁCIA / DCCBS/CCBS;85827;Presencial;Nenhum conteúdo disponível até o momento;"O Curso de Farmácia da UFMA tem por objetivo formar profissionais com conhecimento na área das Ciências Farmacêuticas, pautados nas áreas das Ciências Exatas, Biológicas e da Saúde, bem como noções de Ciências Humanas e Sociais. O curso fornece subsídios para que o profissional exerça a assistência farmacêutica na rede pública e privada, no diagnóstico laboratorial e na área de alimentos, com conhecimentos científicos e capacitação técnica para atuar em equipes multidisciplinares nas várias áreas do âmbito profissional farmacêutico. A formação dos discentes esta alicerçada no desenvolvimento do espírito crítico e reflexivo, enfatizando a conduta ética e responsável, conhecendo e considerando a realidade social para nela atuar como agente transformador. O Curso de Farmácia contempla a formação no novo modelo generalista, priorizando a formação geral totalmente integrada à formação especializada, para atender os objetivos educacionais amplos do curso. Além disso, enfatizam-se as necessidades da abordagem teórico-prática em equilíbrio, desvinculando a visão tecnicista e isolada de cada um, permitindo na prática e nos exercícios das atividades, a aprendizagem da arte de aprender e arte de aprender sempre. A formação do Farmacêutico na UFMA tem por objetivo dotar o profissional dos conhecimentos requeridos para o exercício das seguintes competências e habilidades gerais: I - Atenção à Saúde; II -Tomada de decisões; III - Comunicação; IV-Liderança; V-Administração e Gerenciamento; VI -Educação Permanente. Também garante o desenvolvimento de estágios curriculares, sob supervisão docente. A carga horária mínima do estágio curricular supervisionado atingi 20% da carga horária total do Curso de Graduação em Farmácia.";PATRICIA DE MARIA SILVA FIGUEIREDO;2171058
CURSO DE MEDICINA / DCCBS/CCBS;85814;Presencial;Ciências da Saúde;"";ROSANGELA CIPRIANO DE SOUZA;407613
CURSO DE NUTRIÇÃO / DCCBS/CCBS;85808;Presencial;Nenhum conteúdo disponível até o momento;"Nenhum conteúdo disponível até o momento";HELMA JANE FERREIRA VELOSO;2572858
CURSO DE OCEANOGRAFIA / DCCBS/CCBS;85828;Presencial;Ciências Biológicas;"O Curso de Bacharelado em Oceanografia é presencial e oferecido pela Universidade Federal do Maranhão  UFMA. Este curso é resultante de uma alteração no curso de Ciências Aquáticas criado pela Resolução nº 33/00 do Conselho Universitário da UFMA e reconhecido pela Portaria SESU/MEC nº 169 de 23 de fevereiro de 2001, publicada no Diário Oficial da União em 27/02/2007. Através da Resolução nº 746 de 19/04/2010 do Conselho de Ensino, Pesquisa e Extensão (CONSEPE) da UFMA, a denominação do curso de Ciências Aquáticas foi mudada para Oceanografia, modalidade Bacharelado, tendo o curso sofrido a devida reestruturação pedagógica. No momento está renovado o reconhecimento do Curso de Ciências Aquáticas, Bacharelado, com 60 vagas totais anuais (PORTARIA Nº 324, de 23 de julho de 2013). De acordo com esta mesma portaria o curso referido passou a denominar-se Oceanografia, Bacharelado. Este reconhecimento nos termos do art. 10, § 7º, do mesmo Decreto nº 5.773, de 2006, tem validade até o ciclo avaliativo seguinte.";FRANCISCO JOSE DA SILVA DIAS;1978142
CURSO DE ODONTOLOGIA / DCCBS/CCBS;85783;Presencial;Nenhum conteúdo disponível até o momento;"Nenhum conteúdo disponível até o momento";ROSANA COSTA CASANOVAS DE CARVALHO;2214101
CURSO DE CIÊNCIA DA COMPUTAÇÃO / DCCET/CCET;85766;Presencial;Nenhum conteúdo disponível até o momento;"";SIMARA VIEIRA DA ROCHA;1569024
CURSO DE CIÊNCIA E TECNOLOGIA / DCCET/CCET;10816685;Presencial;Engenharias;"O BICT tem como objetivos: agregar uma formação geral, humanística e científica com aprofundamento no campo das Ciências e das Tecnologias (C&T), que inclui a física, matemática, química, letras, administração e componentes das áreas tecnológicas; formar profissionais com sólidos fundamentos teóricos e práticos e com uma visão integrada dessas diferentes áreas do saber; e possibilitar ao aluno a aquisição de competências e habilidades específicas para o aprendizado no campo da Engenharia. O Curso possui caráter interdisciplinar que se configura numa formação tecnológica ampla e abrangente, completa para uma formação superior e introdutória para várias engenharias. Cursando com êxito essa matriz curricular, o aluno recebe a diplomação de Bacharel em Ciência e Tecnologia. Esta diplomação qualifica e habilita o Bacharel a concorrer a vagas no mercado de trabalho, em cursos de pós-graduação de mestrado e doutorado e, especialmente, nos Cursos de 2 Ciclos, dentro ou fora da UFMA. Sim. O BICT é a porta de entrada das Engenharias da UFMA que utilizam o modelo de dois ciclos. Hoje são as Engenharias Ambiental e Sanitária, Civil, Computação e Mecânica. Em breve teremos mais. Entradas semestrais através de seletivo interno para alunos egressos do BICT. Engenharia Ambiental e sanitária - Diurno Engenharia Civil  Diurno Engenharia da Computação  Noturno Engenharia Mecânica - Diuno A Coordenadoria do Curso de Ciência e Tecnologia fica localizada no Centro Pedagógico Paulo Freire- sala 305 asa sul. Email Secretaria: secretaria.bct@ufma.br Telefone Secretaria: 55 98 3272-9166";JOSE RENATO DE OLIVEIRA LIMA;1053572
CURSO DE DESENHO INDUSTRIAL / DCCET/CCET;85819;Presencial;Nenhum conteúdo disponível até o momento;"Nenhum conteúdo disponível até o momento";BRUNO SERVILIANO SANTOS FARIAS;1062091
CURSO DE DESIGN / DCCET/CCET;85787;Presencial;Nenhum conteúdo disponível até o momento;"O bacharelado em Design tem como objetivo formar profissionais éticos, comprometidos com a constante busca por excelência e plenamente capacitados para atuar na configuração de objetos de uso e sistemas de comunicação visual, objetivando a solução de problemas relativos aos aspectos sócio-culturais, econômico-financeiros, produtivos, ecológicos e estético-formais dentro do contexto de design em níveis local, regional, nacional e internacional. A partir de conhecimentos tecnológicos e artísticos devem ser capazes de prestar serviços especializados na área do design; de liderar, desenvolver e gerenciar projetos de design em geral; desenvolver atividades de treinamento, ensino e pesquisa na área de Design e prestar suporte técnico-analítico nas duas modalidades. O profissional graduado em Design deverá ser capaz de realizar projetos que envolvam a configuração de artefatos e sistemas de informações visuais, artísticas, culturais e tecnológicas, por meio de enfoque interdisciplinar. No desenvolvimento de seus projetos deve considerar o ajustamento histórico, os traços culturais e de desenvolvimento de comunidades, as características dos usuários e de seu contexto sócio-econômico e cultural.";BRUNO SERVILIANO SANTOS FARIAS;1062091
CURSO DE ENGENHARIA CIVIL / DCCET/CCET;16416422;Presencial;Engenharias;"Nenhum conteúdo disponível até o momento";MARCOS AURELIO ARAUJO SANTOS;2227711
CURSO DE ENGENHARIA DA COMPUTAÇÃO / DCCET/CCET;16822859;Presencial;Engenharias;"Nenhum conteúdo disponível até o momento";INALDO CAPISTRANO COSTA;1657792
CURSO DE ENGENHARIA ELÉTRICA / DCCET/CCET;85785;Presencial;Nenhum conteúdo disponível até o momento;"O Curso de Engenharia Elétrica da Universidade Federal do Maranhão (UFMA) foi criado em 1975, através da Resolução No 42/75-CONSUN, de 02.05.75, e da Resolução No 335-CD, de 05.04.75. Suas atividades tiveram início no segundo semestre de 1975 e seu reconhecimento se deu através da Portaria n. 573-CFE, de 13.10.81, publicada no D.O.U, de 15.10.81, tendo como justificativa a necessidade de mão de obra especializada devido ao projeto de implantação das empresas de grande porte as quais faziam parte do Grande Projeto Carajás. O principal objetivo de um Curso da Engenharia Elétrica é formar engenheiros capazes de utilizar os conhecimentos científicos para o desenvolvimento de tecnologias que resolvam problemas da humanidade considerando aspectos políticos, econômicos, ambientais e sociais. Neste contexto, o Curso de Engenharia Elétrica da UFMA tem por finalidade contribuir para o atendimento das demandas da sociedade bem como para o desenvolvimento sustentável da região e do país, nas áreas de Sistemas de Energia Elétrica, Automação e Controle e Telecomunicações. Pode-se então dizer que o principal objetivo do curso, em vista à sua finalidade, é formar engenheiros eletricistas capacitados a atender às diferentes solicitações profissionais da sociedade e do mercado local e nacional, seja como engenheiro de concepção, voltado para elaboração de projetos e pesquisas, seja como engenheiro de execução, voltado para a manutenção e produção industrial.";DENIVALDO CICERO PAVAO LOPES;1651797
CURSO DE ENGENHARIA MECÂNICA / DCCET/CCET;16822856;Presencial;Engenharias;"Nenhum conteúdo disponível até o momento";VILSON SOUZA PEREIRA;1716945
CURSO DE ENGENHARIA QUÍMICA / DCCET/CCET;85769;Presencial;Nenhum conteúdo disponível até o momento;"";AUDIRENE AMORIM SANTANA;2125704
CURSO DE FÍSICA / DCCET/CCET;85784;Presencial;Nenhum conteúdo disponível até o momento;"Nenhum conteúdo disponível até o momento";JERIAS ALVES BATISTA;1286121
CURSO DE MATEMATICA / DCCET/CCET;85823;Presencial;Nenhum conteúdo disponível até o momento;"COORDENAÇÃO DE MATEMÁTICA DE GRADUAÇÃO mantém dois cursos : Bacharelado em Matemática e Licenciatura Plena em Matemática. O curso de Licenciatura Plena em Matemática funciona no turno vespertino e tem como objetivo habilitar profissionais para o exercício do magistério do ensino básico, fundamental e do terceiro grau podendo ainda atuar com pesquisador na área de ensino e aprendizado da Matemática. O curso de Matemática Bacharelado funciona no turno vespertino e tem como objetivo formar profissionais capazes de atuar em pesquisas científicas na área da Matemática podendo ainda aplicar seus conhecimento em atividades relacionadas com setores da Economia, Física, Química, Biologia, Computação, Estatística, Engenharia entre outros.";ARTUR SILVA SANTOS;1280789
CURSO DE QUIMICA / DCCET/CCET;85771;Presencial;Nenhum conteúdo disponível até o momento;"Nenhum conteúdo disponível até o momento";HILDO ANTONIO DOS SANTOS SILVA;2167807
CURSO DE QUIMICA INDUSTRIAL / DCCET/CCET;85830;Presencial;Nenhum conteúdo disponível até o momento;"Nenhum conteúdo disponível até o momento";JACIENE JESUS CARDOSO ROCHA;2221449
CURSO DE ARTES VISUAIS / DCCH;85794;Presencial;Ciências Humanas;"A UFMA está presente na área das Artes desde 1970. Inicialmente com o curso de Licenciatura em Desenho e Plástica o qual, em 1980, passou a se denominar Licenciatura em Educação Artística. Em 2010, atendendo às novas necessidades do contexto do ensino e das diversas modalidades de linguagens artísticas, o curso de Licenciatura em Artes Visuais nasceu da reformulação do curso de Licenciatura em Educação Artista. Neste momento, após cinco anos de existência, passa por novas atualizações deixando sua matriz curricular mais equilibrada entre disciplinas práticas e teóricas, atendendo tanto interessados em se profissionalizar na docência como também na produção artística. O curso de Licenciatura em Artes Visuais possui em seu corpo docente professores artistas, pesquisadores e voltados ao ensino. Os ateliês estão sendo reformulados e em breve teremos um espaço próprio somente para os cursos de licenciatura em Artes -Artes Visuais, Música e Teatro  as obras já começaram. Tudo para melhorar ainda mais o curso. Mais informações procure a Coordenação. Prédio do CCH bloco 5 - 2º andar De segunda a sexta das 8h00 às 14h00 FONE (98) 3272 8303 Prédio do CCH bloco 5 2º andar";REGIANE APARECIDA CAIRE DA SILVA;2157533
CURSO DE CIENCIAS SOCIAIS / DCCH;85796;Presencial;Nenhum conteúdo disponível até o momento;"Nenhum conteúdo disponível até o momento";ARLETH SANTOS BORGES;407302
CURSO DE EDUCACAO ARTISTICA / DCCH;85831;Presencial;Ciências Humanas;"A UFMA está presente na área das Artes desde 1970. Inicialmente com o curso de Licenciatura em Desenho e Plástica o qual passou a se denominar Licenciatura em Educação Artística em 1980. Em 2010, atendendo às novas necessidades do contexto do ensino e das diversas modalidades de linguagens artísticas, o curso muda a estrutura curricular e o nome para de Licenciatura em Artes Visuais. Em 2015 o Núcleo Docente Estruturante do curso elaborou um novo currículo aprovado e implantado no primeiro semestre de 2016 com a preocupação de deixar a matriz curricular mais equilibrada entre disciplinas práticas e teóricas, atendendo tanto interessados em se profissionalizar na docência como também na produção artística . O curso de Licenciatura em Artes Visuais possui em seu corpo docente professores artistas, pesquisadores e voltados ao ensino. Em breve teremos um prédio próprio somente para os cursos de licenciatura em Artes -Artes Visuais, Música e Teatro as obras já começaram. Tudo para melhorar ainda mais o curso. Mais informações procurar a Coordenação. Prédio do CCH bloco 5 - 2º andar De segunda a sexta das 8h00 às 14h00 FONE (98) 3272 8303";REGIANE APARECIDA CAIRE DA SILVA;2157533
CURSO DE ESTUDOS AFRICANOS E AFRO-BRASILEIROS / DCCH;14947385;Presencial;Ciências Humanas;"Nenhum conteúdo disponível até o momento";KATIA EVANGELISTA REGIS;1796974
CURSO DE FILOSOFIA / DCCH;85829;Presencial;Nenhum conteúdo disponível até o momento;"Nenhum conteúdo disponível até o momento";MARIA OLILIA SERRA;407179
CURSO DE FILOSOFIA LICENCIATURA - EAD / DCCH;14546335;A Distância;Ciências Humanas;"Nenhum conteúdo disponível até o momento";Nenhum conteúdo disponível até o momento;
CURSO DE GEOGRAFIA / DCCH;85798;Presencial;Nenhum conteúdo disponível até o momento;"Na última década, a tendência de globalização dos processos de desenvolvimento social, político e econômico vem impondo ao Brasil, e ao Estado do Maranhão, transformações radicais nos modelos de organização do espaço e de exploração dos recursos naturais até então adotados, particularmente no que compete à articulação entre a eficiência do processo produtivo, à gestão dos recursos e do território e à oferta de bens e de serviços. A articulação requerida incorpora fluxos cada dia mais dinâmicos e complexos, apoiados na emergência da necessidade de uma moderna formação científica e técnica de seus egressos e no domínio de suporte tecnológico capaz de viabilizar sua compreensão e expressão das categorias espaciais, concomitantemente, nas escalas local, regional, nacional e global. Os imperativos do projeto desenvolvimentista atual implicam o planejamento de ações concretas quanto à racionalidade do processo produtivo, especialmente quanto à interação sociedade-espaço, com vistas aos projetos, planos e modelos de desenvolvimento auto-sustentado. Nesse contexto, evidencia-se a precária disponibilidade de profissionais de nível superior capazes de levantar, analisar, interpretar e explicar os fenômenos sócio-ambientais e planejar ações compatíveis com as necessidades de superação das desigualdades locais e regionais. A Lei nº 6.664, de 26 de junho de 1979, e o Decreto Lei nº 85.138, de 15 de janeiro de 1980, disciplinam a profissão de geógrafo e definem suas atribuições enquadrando os profissionais egressos dos cursos de Geografia, com habilitação de geógrafos, no conjunto dos técnicos e especialistas que podem atuar na abordagem dos fenômenos estudados no planejamento do desenvolvimento social e econômico. Quanto ao licenciado em Geografia, o panorama é semelhante. O processo ensino-aprendizagem está a exigir o comprometimento de profissionais qualificados para a formação de cidadãos capazes de compreender, explicar e atuar no equacionamento de problemas relacionados com a gestão racional da organização social, econômica e política do país. A atuação do profissional de Geografia, tanto Bacharel como Licenciado, é imprescindível no processo de desenvolvimento do Estado do Maranhão, podendo ter atuação destacada em atividades de ensino, pesquisa, planejamento e gestão de programas de desenvolvimento, respeitadas as suas habilidades e competências, em face do acentuado volume de projetos tanto na zona rural como no meio urbano.";IRECER PORTELA FIGUEIREDO SANTOS;2420440
CURSO DE HISTÓRIA / DCCH;85811;Presencial;Ciências Humanas;"Nenhum conteúdo disponível até o momento";MANOEL DE JESUS BARROS MARTINS;407174
CURSO DE LETRAS / DCCH;85834;Presencial;Lingüística, Letras e Artes;"Site da coordenação de Letras da UFMA.";JOSE DINO COSTA CAVALCANTE;1669787
CURSO DE LETRAS - ESPANHOL / DCCH;85770;Presencial;Ciências Humanas;"Site da Coordenação do Curso de Letras da UFMA.";JOSE DINO COSTA CAVALCANTE;1669787
CURSO DE LETRAS - FRANCÊS / DCCH;85813;Presencial;Lingüística, Letras e Artes;"Nenhum conteúdo disponível até o momento";JOSE DINO COSTA CAVALCANTE;1669787
CURSO DE LETRAS - INGLÊS / DCCH;85793;Presencial;Ciências Humanas;"Nenhum conteúdo disponível até o momento";JOSE DINO COSTA CAVALCANTE;1669787
CURSO DE LETRAS/LIBRAS / DCCH;14560872;Presencial;Lingüística, Letras e Artes;"Nenhum conteúdo disponível até o momento";ALDENORA MARCIA CHAVES PINHEIRO CARVALHO;2892932
CURSO DE MÚSICA / DCCH;85782;Presencial;Nenhum conteúdo disponível até o momento;"Na página oficial do Curso de Música, você encontra informações acerca do histórico, corpo docente, projetos, normas e documentos do curso. A página se encontra em constante atualização, informando a tramitação de processos de interesse direto a alunos e professores do curso.";BRASILENA GOTTSCHALL PINTO TRINDADE;1203263
CURSO DE PSICOLOGIA / DCCH;85820;Presencial;Nenhum conteúdo disponível até o momento;"O Curso de Psicologia da UFMA é ofertado no período véspero-noturno de 14 às 21h. Oferece Bacharelado em psicologia e formação de psicólogo. Foi criado em 05/11/1990, através da Resolução nº 13/90 do CONSUN (Conselho Universitário). Seu plano de Curso foi aprovado pela Resolução nº 08/92 do CONSUN, de 15/09/1992. O Curso começou a funcionar no segundo semestre de 1991, após realização do Concurso Vestibular realizado no semestre anterior do mesmo ano. Inicialmente o curso foi autorizado a funcionar oferecendo as habilitações de Licenciatura Plena e Bacharelada  Resolução nº 08/92 do CONSUN. Através da Resolução nº 02/94 do CONSUN, foi aprovada a criação da habilitação de Formação de Psicólogo e a reforma curricular da Licenciatura Plena e do Bacharelado, sendo estendido o novo currículo a todos os alunos do curso por meio da adaptação curricular. Atualmente o curso oferece a habilitação de Bacharel com Formação de Psicólogo. O Curso está vinculado ao Centro de Ciências Humanas  CCH e funciona no turno vespero-noturno, das 14:00 as 19:20h, de segunda a sexta-feira e, eventualmente aos sábados. O tempo mínimo de integralização curricular é de 10 (dez) semestres letivos e o tempo máximo é de 18 (dezoito) semestres letivos. O curso a partir de 2009, oferece 80 (oitenta) vagas através do Exame Nacional do Ensino Médio (ENEM), sendo 40 (quarenta) vagas para o primeiro semestre e 40 (quarenta) vagas para o segundo semestre. O currículo Pleno do Curso de Psicologia da UFMA  Formação de Psicólogo  tem a duração de 4.140 h/a e 212 créditos distribuídos pelo conjunto de disciplinas e atividades que compõem a grade curricular do curso. O curso funciona no regime semi-seriado, oferta de disciplinas em blocos fechados de acordo com o disposto no fluxograma. O Curso é desenvolvido predominantemente por docentes integrantes do Departamento de Psicologia. Conta também com a participação de docentes de áreas correlatas, cujos conhecimentos são fundamentais para a formação superior em Psicologia, como a Filosofia, a Antropologia, a Estatística, a Sociologia e as Ciências da Saúde. Em fevereiro de 2002, as Diretrizes Curriculares para o curso de psicologia receberam parecer favorável do Conselho Nacional de Educação (parecer 072/02). Em abril de 2004 uma comissão de especialistas em Ensino de Psicologia (indicada pelo MEC) e representantes das entidades nacionais da psicologia homologou as novas Diretrizes Curriculares que norteiam os princípios, fundamentos, condições de oferecimento e procedimentos para a concepção, implementação e avaliação dos cursos de psicologia no Brasil. Como proposto em seu Plano de Desenvolvimento Institucional, a UFMA se apóia em três pilares: no ensino, em seus diferentes níveis, na pesquisa e na extensão, considerados como indissociáveis e interdependentes. Nesse sentido nossa proposta curricular quer possibilitar ao aluno o maior número de experiências teóricas e práticas, numa perspectiva pluralista, para que possa conhecer e escolher aquelas áreas com as quais tenha maior afinidade. Nas disciplinas do curso, os professores também promovem estudos teórico-empíricos de forma a estimular a produção de conhecimento por parte dos discentes. Atualmente o curso conta com os seguintes grupos de pesquisa cadastrados no Diretório de Grupos de Pesquisa do CNPq e suas respectivas linhas de pesquisa: Grupo de pesquisa Linhas de pesquisa 1. Núcleo de Estudos e Pesquisas em Psicologia (NEPP) 1a. Sociedade Contemporânea, Mundo do Trabalho e Processos de Subjetividade 1b. Diversidade Cultural: Dilemas e Estratégias de Enfrentamento 2. Família, Desenvolvimento e Saúde Mental 2a. Família, Saúde Mental e Políticas Públicas 2b. Processos de Desenvolvimento Humano e Educação 3. Grupo de Pesquisa em Análise do Comportamento (GPAC) 3a. Análise do comportamento e Psicologia organizacional e do trabalho 3b. Análise do comportamento sócio-ambiental urbano 3c. Análise do comportamento verbal normal e de afásicos 3d. Análise do comportamento: investigações clínicas e conceituais 4. Grupo de Estudos e Pesquisas em Fenomenologia e Psicologia Fenomenológica 4a. Consumo de literatura de auto-ajuda 4b. Fenomenologia Husserliana e Psicologia Fenomenológica 4c. Psicologia Clínica 5. Grupo de Pesquisa: Psicologia, Desenvolvimento, Saúde e Vida Urbana 5a. Vida Urbana e Atividade Física 5b.Emergências e Desastres 5c.Psicologia Urbana 5d.Saúde mental, Família e Comunidade Desde 2012 conta com Programa de Pós Graduação em Psicologia - PPGP com duas linhas de pesquisa: processos clínicos e da saúde; processos psicossociais A missão da Universidade vai para além da formação de profissionais e o trabalho em extensão tem contribuído para a superação de desigualdades sociais através de soluções voltadas para demandas que se apresentam no dia-a-dia, utilizando criatividade e inovações resultantes do trabalho acadêmico. Nesse sentido, o Curso de Psicologia da UFMA vem desenvolvendo alguns projetos de extensão como o Projeto Escuta onde os alunos nele inseridos têm a oportunidade de exercitar uma prática clínica supervisionada a partir do referencial teórico da psicanálise a partir da escuta dos significantes que compõem os discursos daqueles que procuram tratamento terapêutico; Desse modo destacamos os principais objetivos do Curso de Psicologia - Analisar criticamente os fenômenos sociais, econômicos, culturais e políticos fundamentais ao exercício da profissão; - Oferecer formação teórica, prática e de pesquisa necessária à graduação de profissionais na área de Psicologia capazes de atender às demandas da realidade psicossocial do País e especialmente do Estado do Maranhão; - Formar psicólogos aptos a contribuírem na prevenção e solução dos conflitos inerentes ao homem, tanto em nível individual e grupal, quanto na organização político-social em que estão inseridos; Atualmente o curso oferece os seguintes campos de Estágio Obrigatório: psicologia clínica, psicologia hospitalar, psicologia organizacional, psicologia comunitária, psicologia educacional, psicologia do esporte. Perfil do Psicólogo Ao profissional da área de Psicologia interessa o fazer, sentir e pensar humano, na busca da prevenção e/ou solução dos conflitos inerentes ao homem, tanto no aspecto individual como no aspecto das interações que ele estabelece com seu meio e seus semelhantes. Para tanto é necessário à atuação profissional uma formação teórica consistente, epistemologicamente bem fundamentada, além de uma postura crítica e investigadora, distanciada do dogmatismo e apta a proposições criativas e inovadoras capazes de suscitar novas postulações e o avanço teórico e prático da Psicologia.";Nenhum conteúdo disponível até o momento;
CURSO DE TEATRO / DCCH;85795;Presencial;Nenhum conteúdo disponível até o momento;"Nenhum conteúdo disponível até o momento";GISELE SOARES DE VASCONCELOS;3451753
CURSO DE CIÊNCIAS HUMANAS / DCCHNST;15030282;Presencial;Ciências Humanas;"Nenhum conteúdo disponível até o momento";DANIELTON CAMPOS MELONIO;3336918
CURSO DE ADMINISTRAÇÃO / DCCSO;85763;Presencial;Nenhum conteúdo disponível até o momento;"Nenhum conteúdo disponível até o momento";ADRIANA DE LIMA REIS ARAUJO;2940522
CURSO DE BIBLIOTECONOMIA / DCCSO;85812;Presencial;Ciências Sociais Aplicadas;"Nenhum conteúdo disponível até o momento";ALDINAR MARTINS BOTTENTUIT;3046127
CURSO DE CIENCIAS CONTABEIS / DCCSO;85772;Presencial;Ciências Sociais Aplicadas;"Nenhum conteúdo disponível até o momento";FRANCISCO GILVAN LIMA MOREIRA;1805303
CURSO DE CIÊNCIAS ECONÔMICAS / DCCSO;85758;Presencial;Nenhum conteúdo disponível até o momento;"Nenhum conteúdo disponível até o momento";ALEXSANDRO SOUSA BRITO;2412827
CURSO DE CIÊNCIAS IMOBILIÁRIAS / DCCSO;85806;Presencial;Nenhum conteúdo disponível até o momento;"Nenhum conteúdo disponível até o momento";ARIEL CLODOALDO MAGALHAES COSTA;1481858
CURSO DE COMUNICAÇÃO SOCIAL / DCCSO;85803;Presencial;Ciências Sociais Aplicadas;"Nenhum conteúdo disponível até o momento";LUIZIANE SILVA SARAIVA;3319548
CURSO DE COMUNICACAO SOCIAL - JORNALISMO / DCCSO;85804;Presencial;Ciências Sociais Aplicadas;"Nenhum conteúdo disponível até o momento";LUIZIANE SILVA SARAIVA;3319548
CURSO DE COMUNICACAO SOCIAL - RÁDIO E TV / DCCSO;85832;Presencial;Ciências Sociais Aplicadas;"Nenhum conteúdo disponível até o momento";LUIZIANE SILVA SARAIVA;3319548
CURSO DE COMUNICAÇÃO SOCIAL - RELAÇÕES PÚBLICAS / DCCSO;85786;Presencial;Ciências Sociais Aplicadas;"Nenhum conteúdo disponível até o momento";LUIZIANE SILVA SARAIVA;3319548
CURSO DE DIREITO / DCCSO;85780;Presencial;Ciências Sociais Aplicadas;"Nenhum conteúdo disponível até o momento";RAIMUNDO NONATO SERRA CAMPOS FILHO;407240
CURSO DE HOTELARIA / DCCSO;85816;Presencial;Nenhum conteúdo disponível até o momento;"O curso da Universidade Federal do Maranhão é o primeiro Curso Superior de Hotelaria no Brasil. Iniciado em 1987, nos moldes de Tecnólogo, obteve em 2007 o novo formato de Bacharelado.";ANA LETICIA BURITY DA SILVA;2647378
CURSO DE PEDAGOGIA / DCCSO;85817;Presencial;Nenhum conteúdo disponível até o momento;"Nenhum conteúdo disponível até o momento";CARLOS ANDRE SOUSA DUBLANTE;2351021
CURSO DE SERVIÇO SOCIAL / DCCSO;85822;Presencial;Nenhum conteúdo disponível até o momento;"Nenhum conteúdo disponível até o momento";CRISTIANA COSTA LIMA;2433735
CURSO DE TURISMO / DCCSO;85818;Presencial;Ciências Sociais Aplicadas;"";SAULO RIBEIRO DOS SANTOS;2575435
CURSO DE CIENCIAS CONTABEIS / DCCSST;85802;Presencial;Nenhum conteúdo disponível até o momento;"Nenhum conteúdo disponível até o momento";HELIO RODRIGUES ARAUJO;2336920
CURSO DE CIÊNCIAS HUMANAS / DCCSST;15030425;Presencial;Ciências Humanas;"Nenhum conteúdo disponível até o momento";SALVADOR TAVARES DE MOURA;1455137
CURSO DE CIÊNCIAS HUMANAS - SOCIOLOGIA / DCCSST;85826;Presencial;Ciências Humanas;"O Curso de Licenciatura em Ciências Humanas/Sociologia é uma proposta interdisciplinar que formar professores aptos a exercerem suas funções nas principais áreas do conhecimento das Ciências Humanas, tais como: Geografia, Filosofia, História e Sociologia. Os profissionais formados trabalharam nas séries iniciais do ensino fundamental, no caso da Geografia, História e Filosofia e, com a Sociologia no Ensino Médio.";SALVADOR TAVARES DE MOURA;1455137
CURSO DE CIÊNCIAS NATURAIS - BIOLOGIA / DCCSST;85776;Presencial;Ciências Humanas;"O Curso de Licenciatura Interdisciplinar em Ciências Naturais/Biologia da Universidade Federal do Maranhão (UFMA) é uma proposta de formação interdisciplinar de professores da área de Ciências Naturais ( Biologia, Física, e Química) para atuarem nos anos finais do Ensino Fundamental, e de Biologia para atuarem no Ensino Médio.";ELENA STEINHORST DAMASCENO;1117824
CURSO DE COMUNICACÃO SOCIAL - JORNALISMO / DCCSST;85791;Presencial;Ciências Sociais Aplicadas;"Nenhum conteúdo disponível até o momento";CARLOS ALBERTO CLAUDINO SILVA;2325704
CURSO DE DIREITO / DCCSST;85810;Presencial;Nenhum conteúdo disponível até o momento;"Nenhum conteúdo disponível até o momento";GABRIEL ARAUJO LEITE;1228962
CURSO DE ENFERMAGEM / DCCSST;85797;Presencial;Nenhum conteúdo disponível até o momento;"Nenhum conteúdo disponível até o momento";JANAINA MIRANDA BEZERRA;1562670
CURSO DE ENGENHARIA DE ALIMENTOS / DCCSST;85761;Presencial;Nenhum conteúdo disponível até o momento;"Nenhum conteúdo disponível até o momento";GERMANIA DE SOUSA ALMEIDA BEZERRA;2062011
CURSO DE MEDICINA / DCCSST;12125248;Presencial;Ciências da Saúde;"Nenhum conteúdo disponível até o momento";ANA LIGIA BARROS MARQUES;2104291
CURSO DE PEDAGOGIA / DCCSST;85781;Presencial;Nenhum conteúdo disponível até o momento;"Nenhum conteúdo disponível até o momento";KARLA BIANCA FREITAS DE SOUZA MONTEIRO;2561518
CURSO DE ARTES VISUAIS / NEAD;13720627;A Distância;Ciências Humanas;"Nenhum conteúdo disponível até o momento";Nenhum conteúdo disponível até o momento;
